Datum,Betreffende pagina's
2025-12-15,65
2025-12-16,65
2025-12-17,65
2025-12-18,65
2025-12-19,65
2025-12-20,65
2025-12-21,65
2025-12-22,65
2025-12-23,65
2025-12-24,68
2025-12-25,68
2025-12-26,68
2025-12-27,68
2025-12-28,68
2025-12-29,68
2025-12-30,68
2025-12-31,68
2026-01-01,68
2026-01-02,68
2026-01-03,68
2026-01-04,52
2026-01-05,52
2026-01-06,52
2026-01-07,52
2026-01-08,52
2026-01-09,52
2026-01-10,52
2026-01-11,52
2026-01-12,52
2026-01-13,52
2026-01-14,52
2026-01-15,52
2026-01-16,52
2026-01-17,52
2026-01-18,48
2026-01-19,48
2026-01-20,48
2026-01-21,42
2026-01-22,42
2026-01-23,42
2026-01-24,42
2026-01-25,37
2026-01-26,37
2026-01-27,37
2026-01-28,33
2026-01-29,33
2026-01-30,33
2026-01-31,33
2026-02-01,33
2026-02-02,33
2026-02-03,33
2026-02-04,33
2026-02-05,33
2026-02-06,33
2026-02-07,33
2026-02-08,32
2026-02-09,32
2026-02-10,32
2026-02-11,31
2026-02-12,31
2026-02-13,31
2026-02-14,31
2026-02-15,30
2026-02-16,30
2026-02-17,30
2026-02-18,29
2026-02-19,29
2026-02-20,29
2026-02-21,29
2026-02-22,29
2026-02-23,29
2026-02-24,29